"model","scenario","region","variable","unit","version","2025","2030","2035","2040","2045","2050","2055","2060","2065","2070","2075","2080","2085","2090","2095","2100"
"IIASA-WiC POP 2025","SSP1","World","Population|Female|Age 100+","million",1,0.497209,0.797665,1.125651,1.634132,2.392633,3.962872,6.37932,9.477113,14.217545,20.562265,27.662976,33.51916199999999,43.84258800000001,55.678644,63.78686800000001,71.17298100000001
"IIASA-WiC POP 2025","SSP1","World","Population|Female|Age 65-69","million",1,154.885433,175.278991,197.784312,212.12246,214.393095,239.675148,263.377709,264.802264,263.0644380000001,274.04875,290.903744,307.396364,309.831547,298.064611,270.202052,255.883693
"IIASA-WiC POP 2025","SSP1","World","Population|Female|Age 70-74","million",1,126.298491,142.4619,162.732864,185.265187,200.098017,203.291809,228.678485,252.789779,255.243073,254.769531,266.612571,284.26017,301.519076,304.791241,293.854519,267.128005
"IIASA-WiC POP 2025","SSP1","World","Population|Female|Age 75-79","million",1,85.735514,110.534038,126.289759,146.212818,168.584613,183.994474,188.222541,213.553011,238.050509,241.836443,242.939217,255.822815,274.47101,292.727641,297.139918,287.363812
"IIASA-WiC POP 2025","SSP1","World","Population|Female|Age 80-84","million",1,53.568113,68.928231,90.687971,105.629633,124.741705,146.482819,162.194384,167.604265,192.482794,217.159261,222.563419,225.592935,239.71538,259.581578,279.097907,285.040281
"IIASA-WiC POP 2025","SSP1","World","Population|Female|Age 85-89","million",1,31.754046,37.045108,49.522241,67.066202,80.54280899999999,98.05365700000002,118.135764,133.65503,140.343509,164.05297,188.315019,195.591796,200.860968,216.272011,237.39637,258.246174
"IIASA-WiC POP 2025","SSP1","World","Population|Female|Age 90-94","million",1,13.661208,17.177171,21.252525,29.986241,42.338224,53.321826,67.860455,84.884944,99.347629,107.041598,128.4029,151.112752,160.255882,167.752007,184.025493,205.780278
"IIASA-WiC POP 2025","SSP1","World","Population|Female|Age 95-99","million",1,3.809305,4.967932,6.67809,8.933258,13.553581,20.28978,27.405512,37.284591,49.525616,61.14632100000001,68.965699,86.038807,105.009917,115.160944,124.147565,139.655255
"IIASA-WiC POP 2025","SSP1","World","Population|Male|Age 100+","million",1,0.126355,0.202221,0.282755,0.415584,0.615506,1.017379,1.610756,2.447924,3.729403,5.545559,7.807636,10.13508,14.593132,20.701625,26.58976,33.510809
"IIASA-WiC POP 2025","SSP1","World","Population|Male|Age 65-69","million",1,138.083747,158.817655,182.190371,198.225779,202.805197,229.324805,255.286145,260.729791,262.929415,275.996168,294.979544,313.085615,315.488255,302.4122,274.170869,260.306723
"IIASA-WiC POP 2025","SSP1","World","Population|Male|Age 70-74","million",1,105.499273,120.926992,141.01431,163.902378,180.277477,186.030369,212.353099,238.56717,245.391728,249.263397,263.444817,283.476795,302.66909,306.40016,294.675187,268.315922
"IIASA-WiC POP 2025","SSP1","World","Population|Male|Age 75-79","million",1,66.980243,86.211208,100.676981,119.628682,141.513064,158.024687,164.894216,190.607408,216.760687,225.084455,230.897034,246.282007,267.473241,287.949891,293.35049,283.374027
"IIASA-WiC POP 2025","SSP1","World","Population|Male|Age 80-84","million",1,37.494282,49.036271,64.66557,77.50091800000001,94.50161800000001,114.510726,130.516856,138.324157,162.630458,188.06524,197.955701,205.859854,222.425076,244.826587,266.726934,274.197149
"IIASA-WiC POP 2025","SSP1","World","Population|Male|Age 85-89","million",1,18.512879,22.663948,30.983322,42.206536,52.516875,66.433649,83.156059,97.61733000000001,105.937295,127.632187,151.184483,162.429192,172.4104,189.927063,213.28554,236.447253
"IIASA-WiC POP 2025","SSP1","World","Population|Male|Age 90-94","million",1,6.333493000000001,8.237467,10.72571,15.54167,22.113408,29.044984,38.656664,50.573781,62.083608,70.003123,87.39525,107.324563,119.201368,130.738354,148.317883,171.514022
"IIASA-WiC POP 2025","SSP1","World","Population|Male|Age 95-99","million",1,1.327483,1.768439,2.462417,3.443378,5.352306,8.036962,11.353403,16.165034,22.519569,29.658209,35.514714,46.931319,60.966916,71.704513,83.044262,98.464837
"IIASA-WiC POP 2025","SSP2","World","Population|Female|Age 100+","million",1,0.497209,0.75952,0.992735,1.306864,1.711823,2.514029,3.565228,4.736046,6.373581000000001,8.389295,10.716195,12.594836,16.162996,20.376838,23.613997,26.38633
"IIASA-WiC POP 2025","SSP2","World","Population|Female|Age 65-69","million",1,154.885433,174.361858,195.661942,208.651974,209.55446,232.798449,254.359762,254.199002,250.271864,258.935051,273.546863,288.297655,289.80649,277.546741,280.013464,284.397597
"IIASA-WiC POP 2025","SSP2","World","Population|Female|Age 70-74","million",1,126.298491,141.335554,160.066718,180.698584,193.51462,194.754166,217.240198,238.375496,238.795647,235.488559,244.300467,259.052095,274.052744,276.227979,264.902806,268.023918
"IIASA-WiC POP 2025","SSP2","World","Population|Female|Age 75-79","million",1,85.735514,109.20647,123.135448,140.698717,160.178233,172.648125,174.371595,195.681596,216.059173,217.228147,214.746745,223.670436,238.467051,253.646515,256.644622,246.549621
"IIASA-WiC POP 2025","SSP2","World","Population|Female|Age 80-84","million",1,53.568113,67.678717,87.233983,99.54928,115.254431,132.81018,144.638683,147.045372,166.518462,185.532109,187.668908,186.279201,195.175374,209.763965,224.881543,228.808314
"IIASA-WiC POP 2025","SSP2","World","Population|Female|Age 85-89","million",1,31.754046,36.014813,46.661387,61.128292,71.140424,84.069747,98.675082,109.347943,112.646816,129.379476,146.160568,149.443286,149.525902,158.207018,172.163782,186.734787
"IIASA-WiC POP 2025","SSP2","World","Population|Female|Age 90-94","million",1,13.661208,16.503999,19.474672,26.126393,34.986318,41.988402,51.21131500000001,61.77089100000001,70.468188,74.380193,87.35915,100.745936,105.16236,106.98714,115.127777,127.736219
"IIASA-WiC POP 2025","SSP2","World","Population|Female|Age 95-99","million",1,3.809305,4.729002,5.949176,7.386462000000001,10.354884,14.252594,17.911158,22.842799,28.656086,34.245847,37.750856,45.89075800000001,54.811032,59.531259,62.638566,69.46591400000001
"IIASA-WiC POP 2025","SSP2","World","Population|Male|Age 100+","million",1,0.126355,0.195552,0.257309,0.34816,0.46709,0.69269,0.972487,1.313751,1.766252,2.303155,2.973858,3.628502,4.789359999999999,6.199802,7.48286,8.637429000000001
"IIASA-WiC POP 2025","SSP2","World","Population|Male|Age 65-69","million",1,138.083747,157.595879,179.315673,193.433752,196.137675,219.82788,242.742488,245.951391,245.171852,255.07465,270.836976,286.254475,287.26295,273.712855,275.583549,280.061192
"IIASA-WiC POP 2025","SSP2","World","Population|Male|Age 70-74","million",1,105.499273,119.596709,137.798648,158.175309,171.835883,175.073275,197.515989,219.60966,223.640569,223.764007,233.865064,249.702747,265.365427,267.385695,255.322385,258.106418
"IIASA-WiC POP 2025","SSP2","World","Population|Male|Age 75-79","million",1,66.980243,84.85700100000001,97.38585499999999,113.625848,131.965,144.781549,148.533639,169.13243,189.871652,194.72782,195.847213,205.939053,221.599484,237.294191,240.410824,230.184074
"IIASA-WiC POP 2025","SSP2","World","Population|Male|Age 80-84","million",1,37.494282,47.947351,61.645106,71.956731,85.415023,100.757135,112.140535,116.326647,134.228751,152.730264,158.298468,160.409764,170.143701,185.130205,200.365904,204.599643
"IIASA-WiC POP 2025","SSP2","World","Population|Male|Age 85-89","million",1,18.512879,21.955498,28.9484,37.91718,45.364409,55.144948,66.41682300000001,75.56908,79.899561,94.02005199999999,109.066523,114.976675,118.026124,126.926261,140.470934,154.457479
"IIASA-WiC POP 2025","SSP2","World","Population|Male|Age 90-94","million",1,6.333493000000001,7.906561,9.783856,13.411166,17.98318,22.27657,27.955558,34.591368,40.685504,44.424169,53.789957,64.145252,69.58216,73.12683100000001,80.546142,91.52305
"IIASA-WiC POP 2025","SSP2","World","Population|Male|Age 95-99","million",1,1.327483,1.690079,2.20764,2.863769,4.102654999999999,5.640515000000001,7.311849,9.540053,12.1733,15.008121,17.259254,21.759146,26.988403,30.707164,33.769514,38.659881
"IIASA-WiC POP 2025","SSP3","World","Population|Female|Age 100+","million",1,0.497209,0.72268,0.8783350000000001,1.058798,1.257016,1.661602,2.103638,2.49926,2.975011,3.430383,3.896147,4.144619,4.781402,5.424164,5.848665,6.027958
"IIASA-WiC POP 2025","SSP3","World","Population|Female|Age 65-69","million",1,154.885433,173.505121,193.59488,205.128253,204.600076,225.772285,245.063353,243.189926,237.38894,243.36325,254.602073,265.946821,264.835586,250.621569,276.7821280000001,294.985309
"IIASA-WiC POP 2025","SSP3","World","Population|Female|Age 70-74","million",1,126.298491,140.225384,157.477054,176.128646,186.789278,186.106578,205.603164,223.524741,221.747807,216.069333,221.321325,231.591842,242.047154,240.96635,227.571891,251.408974
"IIASA-WiC POP 2025","SSP3","World","Population|Female|Age 75-79","million",1,85.735514,107.89628,120.027672,135.248544,151.752992,161.218622,160.464223,177.582315,193.4679,191.895158,186.530502,190.83456,199.783383,209.03831,208.065133,195.936882
"IIASA-WiC POP 2025","SSP3","World","Population|Female|Age 80-84","million",1,53.568113,66.433544,83.8449,93.613737,106.025696,119.485485,127.351062,126.791175,140.682627,153.724424,152.663033,148.049732,151.302496,158.637868,166.310853,165.592918
"IIASA-WiC POP 2025","SSP3","World","Population|Female|Age 85-89","million",1,31.754046,35.007068,43.915629,55.55535500000001,62.466498,71.334682,80.845167,86.748045,86.713116,96.651678,106.139431,105.984302,102.812483,105.1923,110.742316,116.557276
"IIASA-WiC POP 2025","SSP3","World","Population|Female|Age 90-94","million",1,13.661208,15.855902,17.840594,22.736342,28.824328,32.814045,37.924826,43.297676,47.029458,47.512679,53.39071,59.112644,59.837015,58.483716,60.22098,63.972476
"IIASA-WiC POP 2025","SSP3","World","Population|Female|Age 95-99","million",1,3.809305,4.501481,5.309457,6.136309000000001,7.968704,10.106355,11.72975,13.769834,15.834565,17.549434,18.131314,20.628512,23.104397,24.013846,23.950774,25.034171
"IIASA-WiC POP 2025","SSP3","World","Population|Male|Age 100+","million",1,0.126355,0.189448,0.234912,0.294981,0.362706,0.489767,0.625279,0.7615510000000001,0.9089510000000001,1.037238,1.184984,1.305318,1.532791,1.760444,1.945476,2.032018
"IIASA-WiC POP 2025","SSP3","World","Population|Male|Age 65-69","million",1,138.083747,156.432021,176.43627,188.61293,189.482485,210.397832,230.182205,231.085824,227.676549,233.833719,244.983487,255.854122,253.794541,238.559888,262.428965,279.37841
"IIASA-WiC POP 2025","SSP3","World","Population|Male|Age 70-74","million",1,105.499273,118.273452,134.571247,152.432347,163.40816,164.329682,182.956388,200.781237,201.921278,198.8178,204.12155,214.090643,223.924147,222.231594,208.64705,229.778017
"IIASA-WiC POP 2025","SSP3","World","Population|Male|Age 75-79","million",1,66.980243,83.55181,94.10052400000001,107.686492,122.606383,131.951027,132.878826,148.466785,163.616765,164.974526,162.271686,166.535339,174.960031,183.371805,182.132285,170.713888
"IIASA-WiC POP 2025","SSP3","World","Population|Male|Age 80-84","million",1,37.494282,46.888684,58.701415,66.598548,76.80496400000001,87.97530800000001,95.213279,96.207022,108.035844,119.75037,121.307039,119.283308,122.420754,128.958079,135.573558,134.880105
"IIASA-WiC POP 2025","SSP3","World","Population|Male|Age 85-89","million",1,18.512879,21.275614,26.998498,33.957466,38.96733800000001,45.392837,52.30788500000001,57.127683,58.191576,65.84666800000001,73.56122599999999,75.249508,74.196169,76.322457,80.818383,85.404306
"IIASA-WiC POP 2025","SSP3","World","Population|Male|Age 90-94","million",1,6.333493000000001,7.597362,8.917344,11.551253,14.604994,17.041201,20.079291,23.24561,25.730418,26.644826,30.473844,34.401727,35.825303,35.658959,36.952102,39.514814
"IIASA-WiC POP 2025","SSP3","World","Population|Male|Age 95-99","million",1,1.327483,1.618661,1.983305,2.390691,3.169446,4.022396000000001,4.799599000000001,5.719237000000001,6.610564999999999,7.456531,7.956825,9.227478,10.527156,11.285253,11.480248,12.080241
"IIASA-WiC POP 2025","SSP4","World","Population|Female|Age 100+","million",1,0.497209,0.753544,0.976877,1.273527,1.647532,2.388068,3.322943,4.3077,5.664377000000001,7.30336,9.107433,10.298054,12.945193,16.100088,18.120251,19.026331
"IIASA-WiC POP 2025","SSP4","World","Population|Female|Age 65-69","million",1,154.885433,173.930286,194.564718,206.605761,206.327021,228.055368,247.960481,246.125909,240.22375,246.424472,257.926038,269.465358,268.411255,253.776047,268.733274,281.66309
"IIASA-WiC POP 2025","SSP4","World","Population|Female|Age 70-74","million",1,126.298491,140.859044,158.838813,178.412322,189.836148,189.407433,209.772848,228.653058,226.807281,220.814871,226.353637,237.046176,247.829551,246.771411,232.572627,245.481095
"IIASA-WiC POP 2025","SSP4","World","Population|Female|Age 75-79","million",1,85.735514,108.73548,121.881197,138.293369,156.278245,166.864852,166.316313,184.770694,202.140579,200.301434,194.250037,198.915355,208.537519,218.35943,217.354388,203.789874
"IIASA-WiC POP 2025","SSP4","World","Population|Female|Age 80-84","million",1,53.568113,67.30338499999999,86.16655899999999,97.406609,111.613851,127.3196,136.79985,136.378518,152.28101,167.552672,165.983058,160.124052,163.825918,172.253747,180.900201,180.091459
"IIASA-WiC POP 2025","SSP4","World","Population|Female|Age 85-89","million",1,31.754046,35.772954,45.971409,59.633888,68.447315,79.75687699999999,92.35803299999999,100.486513,100.655272,113.423551,126.093804,125.348132,120.345836,123.34963,130.597221,137.983264
"IIASA-WiC POP 2025","SSP4","World","Population|Female|Age 90-94","million",1,13.661208,16.385665,19.155218,25.434293,33.622774,39.628957,47.470681,56.31203,62.762484,63.840954,73.228441,82.947996,83.665549,80.527799,83.240007,89.400578
"IIASA-WiC POP 2025","SSP4","World","Population|Female|Age 95-99","million",1,3.809305,4.694453999999999,5.853924,7.187486,9.956863,13.489921,16.585774,20.714509,25.485542,29.672712,31.357807,37.206211,43.669261,45.784011,45.098968,47.761903
"IIASA-WiC POP 2025","SSP4","World","Population|Male|Age 100+","million",1,0.126355,0.194855,0.255548,0.343615,0.456517,0.6693239999999999,0.923843,1.221272,1.600695,2.027916,2.533365,2.948837,3.772217,4.785406,5.609835,5.900499
"IIASA-WiC POP 2025","SSP4","World","Population|Male|Age 65-69","million",1,138.083747,157.072519,177.926969,190.925767,192.210107,214.06424,234.950134,236.012337,232.254281,238.851758,250.620407,262.029421,260.165457,244.149928,256.962508,268.879997
"IIASA-WiC POP 2025","SSP4","World","Population|Male|Age 70-74","million",1,105.499273,119.081369,136.383082,155.575489,167.707109,169.053951,189.05127,208.503423,209.757684,205.973039,211.842305,222.7099,233.34669,231.843946,216.93133,227.561743
"IIASA-WiC POP 2025","SSP4","World","Population|Male|Age 75-79","million",1,66.980243,84.44933400000001,96.15477899999999,111.216799,128.044857,138.934935,140.275878,157.787726,175.245366,176.68075,172.843334,177.800826,187.500898,197.082091,196.028523,182.538099
"IIASA-WiC POP 2025","SSP4","World","Population|Male|Age 80-84","million",1,37.494282,47.68174,60.786765,70.161668,82.299187,95.963592,105.174547,106.610381,120.998465,135.812562,137.511088,133.868279,137.855814,146.153922,154.439392,153.96552
"IIASA-WiC POP 2025","SSP4","World","Population|Male|Age 85-89","million",1,18.512879,21.820118,28.510126,36.93765,43.54481,52.135953,61.867302,68.975477,70.658074,81.39557,92.861818,95.03848500000001,92.189322,95.39562699999999,102.23981,109.054096
"IIASA-WiC POP 2025","SSP4","World","Population|Male|Age 90-94","million",1,6.333493000000001,7.861054,9.637888,13.081411,17.311982,21.070619,25.970008,31.552412,36.194617,37.996216,44.83615200000001,52.491022,55.05204000000001,53.690989,56.438193,61.72801200000001
"IIASA-WiC POP 2025","SSP4","World","Population|Male|Age 95-99","million",1,1.327483,1.681772,2.180621,2.801908,3.973192,5.380297,6.841706,8.743857,10.912257,13.076908,14.393903,17.643439,21.47101,23.652421,23.866923,25.945697
"IIASA-WiC POP 2025","SSP5","World","Population|Female|Age 100+","million",1,0.497209,0.797665,1.125651,1.634132,2.392633,3.962872,6.380542,9.481440000000001,14.226535,20.579944,27.706522,33.632806,44.078846,56.073277,64.317922,72.08223699999999
"IIASA-WiC POP 2025","SSP5","World","Population|Female|Age 65-69","million",1,154.885433,175.278967,197.785021,212.124794,214.400154,239.691408,263.409106,264.857342,263.179222,274.247063,291.163,307.67299,310.091533,298.302544,270.251593,255.736644
"IIASA-WiC POP 2025","SSP5","World","Population|Female|Age 70-74","million",1,126.298491,142.461888,162.734014,185.268146,200.104714,203.307994,228.711048,252.847283,255.336835,254.952622,266.911776,284.639065,301.91548,305.158829,294.186617,267.24744
"IIASA-WiC POP 2025","SSP5","World","Population|Female|Age 75-79","million",1,85.735514,110.53402,126.290819,146.216566,168.591889,184.010281,188.255686,213.614511,238.152988,241.993117,243.229905,256.278005,275.034639,293.310123,297.676317,287.845517
"IIASA-WiC POP 2025","SSP5","World","Population|Female|Age 80-84","million",1,53.568113,68.928231,90.687742,105.632342,124.749201,146.497013,162.225069,167.665273,192.592203,217.334084,222.818117,226.049687,240.41055,260.432659,279.974636,285.848578
"IIASA-WiC POP 2025","SSP5","World","Population|Female|Age 85-89","million",1,31.754046,37.045108,49.522241,67.066875,80.549219,98.06823299999999,118.161505,133.707802,140.444841,164.23179,188.595959,195.987755,201.554042,217.311834,238.670691,259.568804
"IIASA-WiC POP 2025","SSP5","World","Population|Female|Age 90-94","million",1,13.661208,17.177171,21.252525,29.986241,42.340119,53.331398,67.88041199999999,84.919867,99.419205,107.182896,128.658819,151.519347,160.820107,168.723998,185.480791,207.585863
"IIASA-WiC POP 2025","SSP5","World","Population|Female|Age 95-99","million",1,3.809305,4.967932,6.67809,8.933258,13.553581,20.291887,27.413951,37.301876,49.556686,61.21481900000001,69.11708,86.334163,105.499015,115.833314,125.298198,141.39708
"IIASA-WiC POP 2025","SSP5","World","Population|Male|Age 100+","million",1,0.126355,0.202221,0.282755,0.415584,0.615506,1.017379,1.610584,2.44799,3.730162,5.548071,7.81454,10.154404,14.644053,20.825278,26.802072,34.033479
"IIASA-WiC POP 2025","SSP5","World","Population|Male|Age 65-69","million",1,138.083747,158.817605,182.190867,198.227384,202.810235,229.337307,255.315908,260.78115,263.059484,276.248768,295.321602,313.467329,315.860091,302.765172,274.317391,260.252085
"IIASA-WiC POP 2025","SSP5","World","Population|Male|Age 70-74","million",1,105.499273,120.926941,141.015146,163.903902,180.281781,186.04185,212.378445,238.621444,245.481384,249.472858,263.828587,283.982529,303.223965,306.93369,295.17593,268.576161
"IIASA-WiC POP 2025","SSP5","World","Population|Male|Age 75-79","million",1,66.980243,86.211147,100.677044,119.630025,141.515489,158.033519,164.917224,190.654953,216.855654,225.233972,231.22522,246.857665,268.218124,288.758115,294.122451,284.095586
"IIASA-WiC POP 2025","SSP5","World","Population|Male|Age 80-84","million",1,37.494282,49.036271,64.663533,77.49929700000001,94.50153999999999,114.513285,130.531918,138.363937,162.711596,188.218565,198.188879,206.353855,223.270277,245.912765,267.901795,275.320287
"IIASA-WiC POP 2025","SSP5","World","Population|Male|Age 85-89","million",1,18.512879,22.663948,30.983322,42.203831,52.515272,66.435164,83.163466,97.643834,106.000972,127.759258,151.416508,162.775191,173.125199,191.13571,214.847419,238.148248
"IIASA-WiC POP 2025","SSP5","World","Population|Male|Age 90-94","million",1,6.333493000000001,8.237467,10.72571,15.54167,22.111216,29.044194,38.65979,50.58466900000001,62.116241,70.08115,87.556079,107.623599,119.652847,131.674977,149.913198,173.612755
"IIASA-WiC POP 2025","SSP5","World","Population|Male|Age 95-99","million",1,1.327483,1.768439,2.462417,3.443378,5.352306,8.035991000000001,11.353315,16.167554,22.52772,29.681808,35.576697,47.07404200000001,61.255814,72.162931,84.027916,100.190413